﻿Aging (Days),Currency Code,Department,Invoice Amount USD,Invoice Number,Supplier Name,Purchase Requestor,Quantity or Amount?
16.666666667,AUD,TechOps,1141.14,44565,The Beatles,Michael Jackson,Amount
16.666666667,CAD,Operations,17743.73,01/2018-01GWL,Daft Punk,Pete Wentz,Amount
9.666666667,EUR,Marketing,27523.91,8DGF/15,Led Zeppelin,Flea,Amount
1,EUR,Marketing,12848.02,2180090,Aretha Franklin,Henry Rollins,Amount
133,EUR,Marketing,2781.09,M2017/0978,Kanye West,Henry Rollins,Amount
27,EUR,Marketing,2449.3,1222,The Beach Boys,Henry Rollins,Amount
41.666666667,EUR,Marketing,435.86,1001002399,Bjork,Joey Ramone,Amount
41.666666667,EUR,Marketing,4358.61,1001002441,Bjork,Joey Ramone,Amount
41.666666667,EUR,Marketing,61.17,101002456,Bjork,Joey Ramone,Amount
39.666666667,EUR,Marketing,17789.63,8.453e+09,A Tribe Called Quest,Merle Haggard,Amount
16.666666667,EUR,Marketing,2148.39,182559,Nirvana,Trent Reznor,Amount
12.666666667,EUR,Operations,10659.37,SR00947224,Operation Ivy,Rev Run,Amount
36.666666667,EUR,TechOps,1689.76,32,LCD Soundsystem,Michael Jackson,Amount
5.666666667,EUR,TechOps,12338.5,18700008,Black Flag,Taylor Swift,Amount
24.666666667,EUR,Workplace,3199.67,76858,My Bloody Valentine,John Denver,Amount
21.666666667,GBP,Marketing,6787.93,3695849,A Tribe Called Quest,Merle Haggard,Amount
21.666666667,GBP,Marketing,6787.93,3695849,A Tribe Called Quest,Merle Haggard,Amount
28.666666667,GBP,Marketing,1421.62,158596,Chuck Berry,Merle Haggard,Amount
24.666666667,GBP,Workplace,1443.44,2427158,Paul Simon,Sid Vicious,Amount
24.666666667,GBP,Workplace,1443.44,2427158,Paul Simon,Sid Vicious,Amount
38.666666667,GBP,Workplace,874.03,AHCA23765,The Cure,Sid Vicious,Amount
1.666666667,SGD,Marketing,114.35,INV/AG/5788-18,Patti Smith,Trent Reznor,Amount
35.666666667,SGD,Workplace,99.03,INV1712/0610,The Fresh Prince,Mick Jagger,Amount
20.666666667,SGD,Workplace,70.04,INV1801/0126,The Fresh Prince,Mick Jagger,Amount
8.666666667,USD,Development,1219.68,111483,Marvin Gaye,Janice Joplin,Amount
90.708333333,USD,Development,2000,1075,Al Green,Sammy Davis Junior,Amount
26.666666667,USD,Development,6215,1600125,Elliott Smith,Sammy Davis Junior,Amount
8.666666667,USD,Development,1678.58,110690,Guns N’ Roses,Sammy Davis Junior,Amount
61,USD,Marketing,25025,AM0000007100,Dixie Chicks,Barbara Streisand,Amount
61,USD,Marketing,25025,AM0000006600,Dixie Chicks,Barbara Streisand,Amount
1,USD,Marketing,2118,AM0000007200,Dusty Springfield,Barbara Streisand,Amount
1,USD,Marketing,74000,AM000000700,Erykah Badu,Barbara Streisand,Amount
1,USD,Marketing,74000,AM0000006400,Erykah Badu,Barbara Streisand,Amount
1,USD,Marketing,40599,AM0000006800,Queens of the Stone Age,Barbara Streisand,Amount
1,USD,Marketing,40599,AM0000007300,Queens of the Stone Age,Barbara Streisand,Amount
16.666666667,USD,Marketing,307.83,GOV18-3,Beyonce,Ben Folds,Amount
7.666666667,USD,Marketing,2960.79,751010351,Elliott Smith,Ben Folds,Amount
12.666666667,USD,Marketing,15855,5058966,Sly and the Family Stone,Ben Folds,Amount
84.708333333,USD,Marketing,23983.33,TOT17-10,The White Stripes,Bruce Springsteen,Amount
84.708333333,USD,Marketing,23983.33,TOT17-10,The White Stripes,Bruce Springsteen,Amount
16.666666667,USD,Marketing,23983.37,TOT17-12,The White Stripes,Bruce Springsteen,Amount
23.666666667,USD,Marketing,7000,16932,Sleater-Kinney,Courtney Love,Amount
55.666666667,USD,Marketing,26179.1,S599240,Nirvana,Janet Jackson,Amount
26.666666667,USD,Marketing,37064.9,S621541,Nirvana,Janet Jackson,Amount
19.666666667,USD,Marketing,3000,VF/BIZT/18/0002,Elliott Smith,Joey Ramone,Amount
162.708333333,USD,Marketing,15500,1703,A Tribe Called Quest,Merle Haggard,Amount
5.666666667,USD,Marketing,11909,CN001282,Green Day,Trent Reznor,Amount
235,USD,Marketing,11605.94,023/2016,The Clash,Trent Reznor,Amount
26.666666667,USD,Marketing,3000,179552051,U2,Trent Reznor,Amount
26.666666667,USD,Marketing,3000,179552051,U2,Trent Reznor,Amount
76.666666667,USD,Operations,2338,8.003e+09,Adele,Pete Wentz,Amount
24.666666667,USD,Operations,980,312243,Guns N’ Roses,Rev Run,Amount
9.666666667,USD,Sales,2272,153077,Beastie Boys,Frank Sinatra,Amount
9.666666667,USD,Sales,2812,153078,Beastie Boys,Frank Sinatra,Amount
9.666666667,USD,Sales,2574,153080,Beastie Boys,Frank Sinatra,Amount
9.666666667,USD,Sales,2574,153107,Beastie Boys,Frank Sinatra,Amount
9.666666667,USD,Sales,2252,153110,Beastie Boys,Frank Sinatra,Amount
9.666666667,USD,Sales,2106,153164,Beastie Boys,Frank Sinatra,Amount
9.666666667,USD,Sales,2506,153170,Beastie Boys,Frank Sinatra,Amount
9.666666667,USD,Sales,2374,153199,Beastie Boys,Frank Sinatra,Amount
2.666666667,USD,Sales,2812,153205,Beastie Boys,Frank Sinatra,Amount
55.5,USD,Sales,2506,153234,Beastie Boys,Frank Sinatra,Amount
55.5,USD,Sales,2812,153256,Beastie Boys,Frank Sinatra,Amount
1.666666667,USD,Sales,3900,153261,Beastie Boys,Frank Sinatra,Amount
55.5,USD,Sales,2632,153275,Beastie Boys,Frank Sinatra,Amount
55.5,USD,Sales,2668,153293,Beastie Boys,Frank Sinatra,Amount
55.5,USD,Sales,2632,153324,Beastie Boys,Frank Sinatra,Amount
55.5,USD,Sales,2668,153341,Beastie Boys,Frank Sinatra,Amount
9.666666667,USD,Sales,3705,INV004516,Beastie Boys,Frank Sinatra,Amount
9.666666667,USD,Sales,900,INV004519,Beastie Boys,Frank Sinatra,Amount
9.666666667,USD,Sales,2929,INV004521,Beastie Boys,Frank Sinatra,Amount
55.5,USD,Sales,3390,INV004529,Beastie Boys,Frank Sinatra,Amount
55.5,USD,Sales,3390,INV004529,Beastie Boys,Frank Sinatra,Amount
55.5,USD,Sales,3278,INV004530,Beastie Boys,Frank Sinatra,Amount
29.666666667,USD,Sales,4031.13,751010324,Talking Heads,Frank Sinatra,Amount
5.666666667,USD,Sales,5483.87,751010354,Talking Heads,Frank Sinatra,Amount
28.666666667,USD,Sales,4582.78,5551,Johnny Cash,Jello Biafra,Amount
72.3,USD,Sales,3000,5604,Johnny Cash,Jello Biafra,Amount
72.3,USD,Sales,845.87,5615,Johnny Cash,Jello Biafra,Amount
72.3,USD,Sales,81,5617,Johnny Cash,Jello Biafra,Amount
72.3,USD,Sales,1026.86,5618,Johnny Cash,Jello Biafra,Amount
64.666666667,USD,Sales,58.8,IN-3772107,Alicia Keys,Kurt Cobain,Amount
215.708333333,USD,Sales,323.4,PC-IN-3631233,Dr. Dre,Kurt Cobain,Amount
160.708333333,USD,Sales,58.8,PC-IN-3621907,Dr. Dre,Kurt Cobain,Amount
149.708333333,USD,Sales,198.38,PC-IN-3705828,Dr. Dre,Kurt Cobain,Amount
85,USD,Sales,2714.6,PC-IN-3766577,Hole,Kurt Cobain,Amount
64.666666667,USD,Sales,352.8,SCRL-IN-3784946,Iggy and the Stooges,Kurt Cobain,Amount
64.666666667,USD,Sales,2879.8,IN-3715236,Iggy and the Stooges,Kurt Cobain,Amount
160.708333333,USD,Sales,77.07,PC-IN-3707016,Iggy and the Stooges,Kurt Cobain,Amount
64.666666667,USD,Sales,1715,IN-3764518,Nas,Kurt Cobain,Amount
230.708333333,USD,Sales,316.4,IN-3616258,Nas,Kurt Cobain,Amount
160.708333333,USD,Sales,307.3,PC-IN-3656186,Nas,Kurt Cobain,Amount
64.666666667,USD,Sales,139.93,IN-3796409,Neil Young,Kurt Cobain,Amount
64.666666667,USD,Sales,44.1,IN-3779292,Neil Young,Kurt Cobain,Amount
64.666666667,USD,Sales,154.35,IN-3809455,Neil Young,Kurt Cobain,Amount
64.666666667,USD,Sales,237.65,IN-3759806,Neil Young,Kurt Cobain,Amount
48.666666667,USD,Sales,588,NV-IN-3793509,Neil Young,Kurt Cobain,Amount
161.708333333,USD,Sales,117.6,PC-IN-3647248,Neil Young,Kurt Cobain,Amount
64.666666667,USD,Sales,58.8,H-IN-3804644,Nine Inch Nails,Kurt Cobain,Amount
64.666666667,USD,Sales,58.8,H-IN-3766383,Nine Inch Nails,Kurt Cobain,Amount
64.666666667,USD,Sales,139.93,IN-3797596,Nine Inch Nails,Kurt Cobain,Amount
64.666666667,USD,Sales,1205.4,IN-3550357,Nine Inch Nails,Kurt Cobain,Amount
85,USD,Sales,43.54,PC-IN-3773290,Public Enemy,Kurt Cobain,Amount
85,USD,Sales,2798.6,PC-IN-3753481,Public Enemy,Kurt Cobain,Amount
85,USD,Sales,1090.6,PC-IN-3775930,Public Enemy,Kurt Cobain,Amount
85,USD,Sales,205.8,PC-IN-3690266,Public Enemy,Kurt Cobain,Amount
64.666666667,USD,Sales,279.86,IN-3730212,Public Enemy,Kurt Cobain,Amount
64.666666667,USD,Sales,235.2,IN-3707199,Public Enemy,Kurt Cobain,Amount
85,USD,Sales,205.8,PC-IN-3742101,R.E.M.,Kurt Cobain,Amount
64.666666667,USD,Sales,380.87,IN-3781083,R.E.M.,Kurt Cobain,Amount
64.666666667,USD,Sales,370.44,IN-3758456,Sonic Youth,Kurt Cobain,Amount
86,USD,Sales,1587.6,PC-IN-3673288,The Flaming Lips,Kurt Cobain,Amount
107,USD,Sales,470.4,2.0171e+10,A Tribe Called Quest,Madonna,Amount
23.666666667,USD,Sales,612.86,CA9850-1801,Al Green,Skrillex,Amount
54.666666667,USD,TechOps,148.4,SNICA-10471,Elton John,Dolly Parton,Amount
23.666666667,USD,TechOps,2242.12,40539923,James Brown,Dolly Parton,Amount
24.666666667,USD,TechOps,4255.19,3.40589e+09,Patti Smith,Dolly Parton,Amount
70.666666667,USD,TechOps,6750,0188195-IN,Pavement,Dolly Parton,Amount
6.666666667,USD,TechOps,2042.5,51198,Pixies,Dolly Parton,Amount
55.666666667,USD,TechOps,4329.44,10047529,The Cure,Michael Jackson,Amount
1,USD,TechOps,56425,566396,The Smiths,Michael Jackson,Amount
22.666666667,USD,TechOps,4634.36,1887,Say Anything,Neil Diamond,Amount
36.666666667,USD,TechOps,3937.54,278383,Say Anything,Neil Diamond,Amount
24.666666667,USD,TechOps,25725,2144,Daft Punk,Randy Travis,Amount
33.666666667,USD,TechOps,39506.14,2049,Wu-Tang Clan,Randy Travis,Amount
24.666666667,USD,TechOps,4225.17,TAB-123117,Adele,Taylor Swift,Amount
85.708333333,USD,TechOps,8400,76886,Bob Marley and the Wailers,Taylor Swift,Amount
55.666666667,USD,TechOps,19575,77265-401-453-1,Bob Marley and the Wailers,Taylor Swift,Amount
24.666666667,USD,TechOps,12600,77644-877-1,Bob Marley and the Wailers,Taylor Swift,Amount
71.666666667,USD,TechOps,2000,1100335443,Jay-Z,Taylor Swift,Amount
70.666666667,USD,TechOps,500,1100337057,Jay-Z,Taylor Swift,Amount
40.666666667,USD,TechOps,3400,1100350389,Jay-Z,Taylor Swift,Amount
9.666666667,USD,TechOps,500,1100361475,Jay-Z,Taylor Swift,Amount
36.666666667,USD,TechOps,4220,1100352122,Jay-Z,Taylor Swift,Amount
36.666666667,USD,TechOps,1805,1100352126,Jay-Z,Taylor Swift,Amount
54.666666667,USD,TechOps,28800,LP13775,Say Anything,Taylor Swift,Amount
54.666666667,USD,TechOps,368,17562,Sly and the Family Stone,Taylor Swift,Amount
49.666666667,USD,TechOps,13400,44080629,Wu-Tang Clan,Taylor Swift,Amount
14.666666667,USD,TechOps,13125,USS016324,Wu-Tang Clan,Taylor Swift,Amount
26.666666667,USD,Workplace,9996.24,4590015|122917US,Bob Dylan,Gwen Stefani,Amount
26.666666667,USD,Workplace,9996.24,4590015|122917US,Bob Dylan,Gwen Stefani,Amount
26.666666667,USD,Workplace,9996.24,4590015|122917US,Bob Dylan,Gwen Stefani,Amount
19.666666667,USD,Workplace,41120.32,4590015-01052018 US,Bob Dylan,Gwen Stefani,Amount
19.666666667,USD,Workplace,41120.32,4590015-01052018 US,Bob Dylan,Gwen Stefani,Amount
19.666666667,USD,Workplace,41120.32,4590015-01052018 US,Bob Dylan,Gwen Stefani,Amount
19.666666667,USD,Workplace,41120.32,4590015-01052018 US,Bob Dylan,Gwen Stefani,Amount
19.666666667,USD,Workplace,41120.32,4590015-01052018 US,Bob Dylan,Gwen Stefani,Amount
12.666666667,USD,Workplace,45368.87,4590015-011218 US,Bob Dylan,Gwen Stefani,Amount
12.666666667,USD,Workplace,45368.87,4590015-011218 US,Bob Dylan,Gwen Stefani,Amount
12.666666667,USD,Workplace,45368.87,4590015-011218 US,Bob Dylan,Gwen Stefani,Amount
12.666666667,USD,Workplace,45368.87,4590015-011218 US,Bob Dylan,Gwen Stefani,Amount
12.666666667,USD,Workplace,45368.87,4590015-011218 US,Bob Dylan,Gwen Stefani,Amount
5.666666667,USD,Workplace,34483.45,4590015-011918 US,Bob Dylan,Gwen Stefani,Amount
5.666666667,USD,Workplace,34483.45,4590015-011918 US,Bob Dylan,Gwen Stefani,Amount
5.666666667,USD,Workplace,34483.45,4590015-011918 US,Bob Dylan,Gwen Stefani,Amount
13.666666667,USD,Workplace,18452.2,1306,The Clash,Gwen Stefani,Amount
20.666666667,USD,Workplace,12305.53,W5915019,The Rolling Stones,Gwen Stefani,Amount
6.666666667,USD,Workplace,13900.94,w5933500,The Rolling Stones,Gwen Stefani,Amount
20.666666667,USD,Workplace,12305.53,W5915019,The Rolling Stones,Gwen Stefani,Amount
26.666666667,USD,Workplace,19996.24,4590015|122917US,The Velvet Underground,Gwen Stefani,Amount
68.666666667,USD,Workplace,863.5,858427,Amy Winehouse,John Denver,Amount
9.666666667,USD,Workplace,554.73,11277-758952,Elvis Costello,John Denver,Amount
9.666666667,USD,Workplace,554.73,11277-758952,Elvis Costello,John Denver,Amount
28.666666667,USD,Workplace,132,66-82936,Talking Heads,John Denver,Amount
5.666666667,USD,Workplace,395.84,0672993-IN,AC/DC,Mick Jagger,Amount
23.666666667,USD,Workplace,4957.67,0300733-IN,AC/DC,Mick Jagger,Amount
209.708333333,USD,Workplace,2518.75,6.00026e+09,John Lennon,Mick Jagger,Amount
23.666666667,USD,Workplace,5429.92,13519,Radiohead,Mick Jagger,Amount
27.666666667,USD,Workplace,1950,27825,Radiohead,Mick Jagger,Amount
7.666666667,USD,Workplace,348.05,13566,The Flaming Lips,Sid Vicious,Amount
36.666666667,GBP,Marketing,11958.29,21065,PJ Harvey,Courtney Love,Quantity
8.666666667,GBP,Marketing,21424.74,21543,PJ Harvey,Courtney Love,Quantity
1.666666667,GBP,Marketing,21495.95,21683,PJ Harvey,Courtney Love,Quantity
43.666666667,GBP,Workplace,11948.89,20920,The Misfits,Sid Vicious,Quantity
36.666666667,GBP,Workplace,11958.29,21065,The Misfits,Sid Vicious,Quantity
67.7,USD,Development,31610,4243,Beyonce,Jimi Hendrix,Quantity
67.7,USD,Development,35350,4246,Beyonce,Jimi Hendrix,Quantity
44.7,USD,Development,32760,4188,Beyonce,Jimi Hendrix,Quantity
14.666666667,USD,Development,32760,4218,Beyonce,Jimi Hendrix,Quantity
110,USD,Development,45056,4219,The Kinks,Kendrick Lamar,Quantity
7.666666667,USD,Development,45056,4245,The Kinks,Kendrick Lamar,Quantity
1,USD,Development,31680,BE-019097,The Kinks,Kendrick Lamar,Quantity
10,USD,Development,36960,BE-019095,The Kinks,Kendrick Lamar,Quantity
15.666666667,USD,Development,8800,MX06449317,Otis Redding,Sammy Davis Junior,Quantity
15.666666667,USD,Development,8800,MX06449318,Otis Redding,Sammy Davis Junior,Quantity
9.666666667,USD,Development,62920,MX06458987,Otis Redding,Sammy Davis Junior,Quantity
2.666666667,USD,Development,62920,MX06469021,Otis Redding,Sammy Davis Junior,Quantity
18.666666667,USD,Development,33280,1044776271,Marvin Gaye,Travis Barker,Quantity
171,USD,Development,33280,1045015961,Marvin Gaye,Travis Barker,Quantity
4.666666667,USD,Development,33280,1045217201,Marvin Gaye,Travis Barker,Quantity
28.666666667,USD,Sales,700,5540,Johnny Cash,Jello Biafra,Quantity
72.3,USD,Sales,14000,5605,Johnny Cash,Jello Biafra,Quantity
72.3,USD,Sales,7000,5607,Johnny Cash,Jello Biafra,Quantity
72.3,USD,Sales,7000,5608,Johnny Cash,Jello Biafra,Quantity
72.3,USD,Sales,4200,5610,Johnny Cash,Jello Biafra,Quantity
72.3,USD,Sales,700,5612,Johnny Cash,Jello Biafra,Quantity
72.3,USD,Sales,6300,5609,Johnny Cash,Jello Biafra,Quantity
13.666666667,USD,Workplace,2293.92,19345,Tom Waits,Darrell Palumbo,Quantity
11.666666667,EUR,TechOps,16815.55,1406594185,Adele,Randy Travis,Quantity
1.666666667,USD,Operations,1560,144619,The Get Up Kids,Rev Run,Quantity
2.75,USD,TechOps,1154.51,LLX7653,Arcade Fire,Frank Zappa,Quantity
1.75,USD,TechOps,1131.79,LMC3627,Arcade Fire,Frank Zappa,Quantity
6.018865741,USD,TechOps,109,19LF-D319-1HDK,Metallica,Frank Zappa,Quantity
12.75,USD,TechOps,2919.92,LKB7692,Eminem,Neil Diamond,Quantity
12.75,USD,TechOps,2919.92,LKB7692,Eminem,Neil Diamond,Quantity
2.75,USD,TechOps,1239.5,LLT1337,Eminem,Neil Diamond,Quantity
2.75,USD,TechOps,1239.5,LLT1337,Eminem,Neil Diamond,Quantity
2.75,USD,TechOps,1239.5,LLT1337,Eminem,Neil Diamond,Quantity
2.666666667,USD,TechOps,9371.73,605-490854,John Lennon,Neil Diamond,Quantity
3.75,USD,TechOps,21305.98,1.02192e+10,Outkast,Neil Diamond,Quantity
3.75,USD,TechOps,21305.98,1.02192e+10,Outkast,Neil Diamond,Quantity
7.75,USD,TechOps,6932.14,1.02183e+10,Outkast,Neil Diamond,Quantity
7.75,USD,TechOps,6932.14,1.02183e+10,Outkast,Neil Diamond,Quantity
7.75,USD,TechOps,6932.14,1.02183e+10,Outkast,Neil Diamond,Quantity
7.75,USD,TechOps,6932.14,1.02183e+10,Outkast,Neil Diamond,Quantity
29.75,USD,TechOps,515.04,1.02143e+10,Outkast,Neil Diamond,Quantity
29.75,USD,TechOps,515.04,1.02143e+10,Outkast,Neil Diamond,Quantity
29.75,USD,TechOps,515.04,1.02143e+10,Outkast,Neil Diamond,Quantity
29.75,USD,TechOps,515.04,1.02143e+10,Outkast,Neil Diamond,Quantity
19.666666667,USD,TechOps,97.58,513390,Adele,Randy Travis,Quantity
4.977685185,USD,TechOps,71.57,1PFK-V976-CQR3,Sleater-Kinney,Snoop Dogg,Quantity
1.666666667,USD,TechOps,33.91,19RX-731F-W1YW,Sleater-Kinney,Snoop Dogg,Quantity
4.666666667,USD,TechOps,95.56,1T7Y-K9PN-FPXJ,Sleater-Kinney,Snoop Dogg,Quantity
16.75,USD,TechOps,817.89,LHZ3900,The Rolling Stones,Snoop Dogg,Quantity
16.75,USD,TechOps,817.89,LHZ3900,The Rolling Stones,Snoop Dogg,Quantity
16.75,USD,TechOps,817.89,LHZ3900,The Rolling Stones,Snoop Dogg,Quantity
1,USD,TechOps,712.62,LMK8960,The Rolling Stones,Snoop Dogg,Quantity
1,USD,TechOps,712.62,LMK8960,The Rolling Stones,Snoop Dogg,Quantity
1,USD,TechOps,1194.96,B07676231,Guns N’ Roses,Taylor Swift,Quantity
20.747476852,USD,Workplace,32.29,1DHN-DK1F-DF3V,Pink Floyd,Garth Brooks,Quantity
13.666666667,USD,Workplace,396.36,11CT-KCDT-DJW9,Pink Floyd,Garth Brooks,Quantity
13.666666667,USD,Workplace,396.36,11CT-KCDT-DJW9,Pink Floyd,Garth Brooks,Quantity
12.666666667,USD,Workplace,393.9,1DPW-PWHX-J7LC,Pink Floyd,Garth Brooks,Quantity
12.666666667,USD,Workplace,393.9,1DPW-PWHX-J7LC,Pink Floyd,Garth Brooks,Quantity
3.666666667,USD,Workplace,40.38,1T7Y-K9PN-K4C3,Pink Floyd,Garth Brooks,Quantity
13.333333333,USD,Workplace,435.96,1P9P-3WV4-P6NQ,Pink Floyd,Garth Brooks,Quantity
1,USD,Workplace,495.49,1WQC-PKX4-6Y3D,Pink Floyd,Garth Brooks,Quantity
1,USD,Workplace,495.49,1WQC-PKX4-6Y3D,Pink Floyd,Garth Brooks,Quantity
1,USD,Workplace,495.49,1WQC-PKX4-6Y3D,Pink Floyd,Garth Brooks,Quantity
1,USD,Workplace,495.49,1WQC-PKX4-6Y3D,Pink Floyd,Garth Brooks,Quantity
1,USD,Workplace,495.49,1WQC-PKX4-6Y3D,Pink Floyd,Garth Brooks,Quantity
5.666666667,USD,Workplace,176.9,19RX-731F-C9LT,Pink Floyd,Garth Brooks,Quantity
1.666666667,USD,Workplace,219.95,19LF-D319-VPNV,Pink Floyd,Garth Brooks,Quantity
