﻿Aging (Days),Amount to be received,POnum+line,Learn More,Currency Code,Department,InvLine Description,InvLine Price,Invoice Amount USD,Invoice Number,Number of Records,PO Line ID,PO Line Number,PO Number,Supplier Name,Unit,Purchase Requestor,Quantity or Amount?
16.666666667,1413.45,44565PO-C66295,Click here to learn more about Tableau for Finance Analytics,AUD,TechOps,The Byrds Mr. Tambourine Man,1413.45,1141.14,44565,1,17029,5,PO-C6629,The Beatles,$,Michael Jackson,Amount
16.666666667,21899.49,01/2018-01GWLPO-C117171,Click here to learn more about Tableau for Finance Analytics,CAD,Operations,Cream Fresh Cream,21899.49,17743.73,01/2018-01GWL,1,28180,1,PO-C11717,Daft Punk,$,Pete Wentz,Amount
9.666666667,22420,8DGF/15PO-C114171,Click here to learn more about Tableau for Finance Analytics,EUR,Marketing,B.B. King Live at the Regal,22420,27523.91,8DGF/15,1,27477,1,PO-C11417,Led Zeppelin,$,Flea,Amount
1,10350,2180090PO-C105011,Click here to learn more about Tableau for Finance Analytics,EUR,Marketing,Van Morrison Astral Weeks,10350,12848.02,2180090,1,25445,1,PO-C10501,Aretha Franklin,$,Henry Rollins,Amount
133,2294.91,M2017/0978PO-C114131,Click here to learn more about Tableau for Finance Analytics,EUR,Marketing,The Replacements Tim,2294.91,2781.09,M2017/0978,1,27472,1,PO-C11413,Kanye West,$,Henry Rollins,Amount
27,2000,1222PO-C116011,Click here to learn more about Tableau for Finance Analytics,EUR,Marketing,The Kinks The Kink Kronikles,2000,2449.3,1222,1,27921,1,PO-C11601,The Beach Boys,$,Henry Rollins,Amount
41.666666667,356.25,1001002399PO-C109651,Click here to learn more about Tableau for Finance Analytics,EUR,Marketing,Simon and Garfunkel Bridge Over Troubled Water,356.25,435.86,1001002399,1,26356,1,PO-C10965,Bjork,$,Joey Ramone,Amount
41.666666667,3562.5,1001002441PO-C109651,Click here to learn more about Tableau for Finance Analytics,EUR,Marketing,Al Green Greatest Hits,3562.5,4358.61,1001002441,1,26356,1,PO-C10965,Bjork,$,Joey Ramone,Amount
41.666666667,50,101002456PO-C109651,Click here to learn more about Tableau for Finance Analytics,EUR,Marketing,Little Richard Here's Little Richard,50,61.17,101002456,1,26356,1,PO-C10965,Bjork,$,Joey Ramone,Amount
39.666666667,15000,8.453e+09PO-C24461,Click here to learn more about Tableau for Finance Analytics,EUR,Marketing,The Beach Boys Pet Sounds,15000,17789.63,8.453e+09,1,6546,1,PO-C2446,A Tribe Called Quest,$,Merle Haggard,Amount
16.666666667,1750,182559PO-C111801,Click here to learn more about Tableau for Finance Analytics,EUR,Marketing,Sam Cooke Portrait Of A Legend 1951-1964,1750,2148.39,182559,1,26931,1,PO-C11180,Nirvana,$,Trent Reznor,Amount
12.666666667,8639.11,SR00947224PO-C117051,Click here to learn more about Tableau for Finance Analytics,EUR,Operations,The Grateful Dead American Beauty,8639.11,10659.37,SR00947224,1,28159,1,PO-C11705,Operation Ivy,$,Rev Run,Amount
36.666666667,1376.42,32PO-C113741,Click here to learn more about Tableau for Finance Analytics,EUR,TechOps,Blondie Parallel Lines,1376.42,1689.76,32,1,27364,1,PO-C11374,LCD Soundsystem,$,Michael Jackson,Amount
5.666666667,10000,18700008PO-C116631,Click here to learn more about Tableau for Finance Analytics,EUR,TechOps,Pixies Doolittle,10000,12338.5,18700008,1,28042,1,PO-C11663,Black Flag,$,Taylor Swift,Amount
24.666666667,2662.41,76858PO-C65374,Click here to learn more about Tableau for Finance Analytics,EUR,Workplace,Bruce Springsteen Darkness on the Edge of Town,2662.41,3199.67,76858,1,16801,4,PO-C6537,My Bloody Valentine,$,John Denver,Amount
21.666666667,5000,3695849PO-C93372,Click here to learn more about Tableau for Finance Analytics,GBP,Marketing,Bob Dylan Highway 61 Revisited,5000,6787.93,3695849,1,23074,2,PO-C9337,A Tribe Called Quest,$,Merle Haggard,Amount
21.666666667,5000,3695849PO-C93371,Click here to learn more about Tableau for Finance Analytics,GBP,Marketing,The Beatles Rubber Soul,3500,6787.93,3695849,1,23073,1,PO-C9337,A Tribe Called Quest,$,Merle Haggard,Amount
28.666666667,1050,158596PO-C108341,Click here to learn more about Tableau for Finance Analytics,GBP,Marketing,James Brown Star Time,1050,1421.62,158596,1,26031,1,PO-C10834,Chuck Berry,$,Merle Haggard,Amount
24.666666667,1069.72,2427158PO-C110022,Click here to learn more about Tableau for Finance Analytics,GBP,Workplace,AC/DC Back In Black,135.61,1443.44,2427158,1,26428,2,PO-C11002,Paul Simon,$,Sid Vicious,Amount
24.666666667,1069.72,2427158PO-C110021,Click here to learn more about Tableau for Finance Analytics,GBP,Workplace,Prince and The Revolution Purple Rain,1069.72,1443.44,2427158,1,26427,1,PO-C11002,Paul Simon,$,Sid Vicious,Amount
38.666666667,650.26,AHCA23765PO-C66025,Click here to learn more about Tableau for Finance Analytics,GBP,Workplace,Ray Charles The Birth of Soul,650.26,874.03,AHCA23765,1,16956,5,PO-C6602,The Cure,$,Sid Vicious,Amount
1.666666667,150,INV/AG/5788-18PO-C116191,Click here to learn more about Tableau for Finance Analytics,SGD,Marketing,Bob Dylan Blood on The Tracks,150,114.35,INV/AG/5788-18,1,27950,1,PO-C11619,Patti Smith,$,Trent Reznor,Amount
35.666666667,131.5,INV1712/0610PO-C72263,Click here to learn more about Tableau for Finance Analytics,SGD,Workplace,The Who My Generation,131.5,99.03,INV1712/0610,1,18287,3,PO-C7226,The Fresh Prince,$,Mick Jagger,Amount
20.666666667,93,INV1801/0126PO-C72263,Click here to learn more about Tableau for Finance Analytics,SGD,Workplace,Howlin' Wolf Howlin' Wolf,93,70.04,INV1801/0126,1,18287,3,PO-C7226,The Fresh Prince,$,Mick Jagger,Amount
8.666666667,1219.68,111483PO-C108571,Click here to learn more about Tableau for Finance Analytics,USD,Development,Led Zeppelin Houses Of The Holy,1219.68,1219.68,111483,1,26150,1,PO-C10857,Marvin Gaye,$,Janice Joplin,Amount
90.708333333,2000,1075PO-C116141,Click here to learn more about Tableau for Finance Analytics,USD,Development,Neil Young After the Gold Rush,2000,2000,1075,1,27944,1,PO-C11614,Al Green,$,Sammy Davis Junior,Amount
26.666666667,6215,1600125PO-C111541,Click here to learn more about Tableau for Finance Analytics,USD,Development,The Clash London Calling,6215,6215,1600125,1,26827,1,PO-C11154,Elliott Smith,$,Sammy Davis Junior,Amount
8.666666667,1678.58,110690PO-C104811,Click here to learn more about Tableau for Finance Analytics,USD,Development,U2 War,1678.58,1678.58,110690,1,25409,1,PO-C10481,Guns N’ Roses,$,Sammy Davis Junior,Amount
61,25025,AM0000007100PO-C113181,Click here to learn more about Tableau for Finance Analytics,USD,Marketing,The Jimi Hendrix Experience Axis: Bold As Love,25025,25025,AM0000007100,1,27219,1,PO-C11318,Dixie Chicks,$,Barbara Streisand,Amount
61,25025,AM0000006600PO-C113201,Click here to learn more about Tableau for Finance Analytics,USD,Marketing,Neil Young Harvest,25025,25025,AM0000006600,1,27221,1,PO-C11320,Dixie Chicks,$,Barbara Streisand,Amount
1,2118,AM0000007200PO-C112531,Click here to learn more about Tableau for Finance Analytics,USD,Marketing,Pink Floyd The Wall,2118,2118,AM0000007200,1,27087,1,PO-C11253,Dusty Springfield,$,Barbara Streisand,Amount
1,74000,AM000000700PO-C113191,Click here to learn more about Tableau for Finance Analytics,USD,Marketing,Sly & the Family Stone There's a Riot Goin' On,74000,74000,AM000000700,1,27220,1,PO-C11319,Erykah Badu,$,Barbara Streisand,Amount
1,74000,AM0000006400PO-C113211,Click here to learn more about Tableau for Finance Analytics,USD,Marketing,The Zombies Odyssey And Oracle,74000,74000,AM0000006400,1,27222,1,PO-C11321,Erykah Badu,$,Barbara Streisand,Amount
1,40599,AM0000006800PO-C113161,Click here to learn more about Tableau for Finance Analytics,USD,Marketing,Pink Floyd Wish You Were Here,40599,40599,AM0000006800,1,27217,1,PO-C11316,Queens of the Stone Age,$,Barbara Streisand,Amount
1,40599,AM0000007300PO-C113171,Click here to learn more about Tableau for Finance Analytics,USD,Marketing,"Pavement Crooked Rain, Crooked Rain",40599,40599,AM0000007300,1,27218,1,PO-C11317,Queens of the Stone Age,$,Barbara Streisand,Amount
16.666666667,307.83,GOV18-3PO-C100767,Click here to learn more about Tableau for Finance Analytics,USD,Marketing,Patti Smith Horses,307.83,307.83,GOV18-3,1,24744,7,PO-C10076,Beyonce,$,Ben Folds,Amount
7.666666667,2960.79,751010351PO-C116081,Click here to learn more about Tableau for Finance Analytics,USD,Marketing,Johnny Cash At Folsom Prison,2960.79,2960.79,751010351,1,27933,1,PO-C11608,Elliott Smith,$,Ben Folds,Amount
12.666666667,15855,5058966PO-C114541,Click here to learn more about Tableau for Finance Analytics,USD,Marketing,The Meters Look-Ka Py Py,15855,15855,5058966,1,27577,1,PO-C11454,Sly and the Family Stone,$,Ben Folds,Amount
84.708333333,23983.33,TOT17-10PO-C67997,Click here to learn more about Tableau for Finance Analytics,USD,Marketing,Kraftwerk Trans Europa Express,23983.33,23983.33,TOT17-10,1,17427,7,PO-C6799,The White Stripes,$,Bruce Springsteen,Amount
84.708333333,23983.33,TOT17-10PO-C67999,Click here to learn more about Tableau for Finance Analytics,USD,Marketing,Otis Redding The Otis Redding Dictionary Of Soul- Complete & Unbelievable,2318.08,23983.33,TOT17-10,1,17429,9,PO-C6799,The White Stripes,$,Bruce Springsteen,Amount
16.666666667,23983.37,TOT17-12PO-C67998,Click here to learn more about Tableau for Finance Analytics,USD,Marketing,Whitney Houston Whitney Houston,23983.37,23983.37,TOT17-12,1,17428,8,PO-C6799,The White Stripes,$,Bruce Springsteen,Amount
23.666666667,7000,16932PO-C115891,Click here to learn more about Tableau for Finance Analytics,USD,Marketing,Beastie Boys Licensed to Ill,7000,7000,16932,1,27894,1,PO-C11589,Sleater-Kinney,$,Courtney Love,Amount
55.666666667,26179.1,S599240PO-C70584,Click here to learn more about Tableau for Finance Analytics,USD,Marketing,Elvis Costello My Aim Is True,26179.1,26179.1,S599240,1,20220,4,PO-C7058,Nirvana,$,Janet Jackson,Amount
26.666666667,37064.9,S621541PO-C70584,Click here to learn more about Tableau for Finance Analytics,USD,Marketing,Bob Marley & the Wailers Exodus,37064.9,37064.9,S621541,1,20220,4,PO-C7058,Nirvana,$,Janet Jackson,Amount
19.666666667,3000,VF/BIZT/18/0002PO-C116281,Click here to learn more about Tableau for Finance Analytics,USD,Marketing,Dusty Springfield Dusty In Memphis,3000,3000,VF/BIZT/18/0002,1,27970,1,PO-C11628,Elliott Smith,$,Joey Ramone,Amount
162.708333333,15500,1703PO-C91024,Click here to learn more about Tableau for Finance Analytics,USD,Marketing,The Beatles Revolver,15500,15500,1703,1,22589,4,PO-C9102,A Tribe Called Quest,$,Merle Haggard,Amount
5.666666667,11909,CN001282PO-C116551,Click here to learn more about Tableau for Finance Analytics,USD,Marketing,"Crosby, Stills & Nash Crosby, Stills & Nash",11909,11909,CN001282,1,28027,1,PO-C11655,Green Day,$,Trent Reznor,Amount
235,11605.94,023/2016PO-C14361,Click here to learn more about Tableau for Finance Analytics,USD,Marketing,Frank Sinatra In the Wee Small Hours,11605.94,11605.94,023/2016,1,3896,1,PO-C1436,The Clash,$,Trent Reznor,Amount
26.666666667,3000,179552051PO-C109851,Click here to learn more about Tableau for Finance Analytics,USD,Marketing,The Grateful Dead Workingman's Dead,3000,3000,179552051,1,26400,1,PO-C10985,U2,$,Trent Reznor,Amount
26.666666667,3000,179552051PO-C109852,Click here to learn more about Tableau for Finance Analytics,USD,Marketing,Tracy Chapman Tracy Chapman,1642.5,3000,179552051,1,26401,2,PO-C10985,U2,$,Trent Reznor,Amount
76.666666667,2338,8.003e+09PO-C94132,Click here to learn more about Tableau for Finance Analytics,USD,Operations,John Lennon Imagine,2338,2338,8.003e+09,1,23195,2,PO-C9413,Adele,$,Pete Wentz,Amount
24.666666667,980,312243PO-C77255,Click here to learn more about Tableau for Finance Analytics,USD,Operations,Professor Longhair New Orleans Piano,980,980,312243,1,19427,5,PO-C7725,Guns N’ Roses,$,Rev Run,Amount
9.666666667,2272,153077PO-C99391,Click here to learn more about Tableau for Finance Analytics,USD,Sales,Michael Jackson Thriller,2272,2272,153077,1,24439,1,PO-C9939,Beastie Boys,$,Frank Sinatra,Amount
9.666666667,2812,153078PO-C99391,Click here to learn more about Tableau for Finance Analytics,USD,Sales,Chuck Berry The Great Twenty-Eight,2812,2812,153078,1,24439,1,PO-C9939,Beastie Boys,$,Frank Sinatra,Amount
9.666666667,2574,153080PO-C99391,Click here to learn more about Tableau for Finance Analytics,USD,Sales,Robert Johnson The Complete Recordings,2574,2574,153080,1,24439,1,PO-C9939,Beastie Boys,$,Frank Sinatra,Amount
9.666666667,2574,153107PO-C99392,Click here to learn more about Tableau for Finance Analytics,USD,Sales,Stevie Wonder Innervisions,2574,2574,153107,1,24440,2,PO-C9939,Beastie Boys,$,Frank Sinatra,Amount
9.666666667,2252,153110PO-C99391,Click here to learn more about Tableau for Finance Analytics,USD,Sales,James Brown James Brown Live at the Apollo,2252,2252,153110,1,24439,1,PO-C9939,Beastie Boys,$,Frank Sinatra,Amount
9.666666667,2106,153164PO-C99391,Click here to learn more about Tableau for Finance Analytics,USD,Sales,Fleetwood Mac Rumours,2106,2106,153164,1,24439,1,PO-C9939,Beastie Boys,$,Frank Sinatra,Amount
9.666666667,2506,153170PO-C99392,Click here to learn more about Tableau for Finance Analytics,USD,Sales,U2 The Joshua Tree,2506,2506,153170,1,24440,2,PO-C9939,Beastie Boys,$,Frank Sinatra,Amount
9.666666667,2374,153199PO-C99392,Click here to learn more about Tableau for Finance Analytics,USD,Sales,The Who Who's Next,2374,2374,153199,1,24440,2,PO-C9939,Beastie Boys,$,Frank Sinatra,Amount
2.666666667,2812,153205PO-C99392,Click here to learn more about Tableau for Finance Analytics,USD,Sales,Led Zeppelin,2812,2812,153205,1,24440,2,PO-C9939,Beastie Boys,$,Frank Sinatra,Amount
55.5,2506,153234PO-C99392,Click here to learn more about Tableau for Finance Analytics,USD,Sales,Joni Mitchell Blue,2506,2506,153234,1,24440,2,PO-C9939,Beastie Boys,$,Frank Sinatra,Amount
55.5,2812,153256PO-C99391,Click here to learn more about Tableau for Finance Analytics,USD,Sales,Bob Dylan Bringing It All Back Home,2812,2812,153256,1,24439,1,PO-C9939,Beastie Boys,$,Frank Sinatra,Amount
1.666666667,3900,153261PO-C99391,Click here to learn more about Tableau for Finance Analytics,USD,Sales,Rolling Stones Let It Bleed,3900,3900,153261,1,24439,1,PO-C9939,Beastie Boys,$,Frank Sinatra,Amount
55.5,2632,153275PO-C99392,Click here to learn more about Tableau for Finance Analytics,USD,Sales,Ramones Ramones,2632,2632,153275,1,24440,2,PO-C9939,Beastie Boys,$,Frank Sinatra,Amount
55.5,2668,153293PO-C99391,Click here to learn more about Tableau for Finance Analytics,USD,Sales,David Bowie The Rise And Fall Of Ziggy Stardust And The Spiders From Mars,2668,2668,153293,1,24439,1,PO-C9939,Beastie Boys,$,Frank Sinatra,Amount
55.5,2632,153324PO-C99392,Click here to learn more about Tableau for Finance Analytics,USD,Sales,Carole King Tapestry,2632,2632,153324,1,24440,2,PO-C9939,Beastie Boys,$,Frank Sinatra,Amount
55.5,2668,153341PO-C99391,Click here to learn more about Tableau for Finance Analytics,USD,Sales,Eagles Hotel California,2668,2668,153341,1,24439,1,PO-C9939,Beastie Boys,$,Frank Sinatra,Amount
9.666666667,3705,INV004516PO-C99391,Click here to learn more about Tableau for Finance Analytics,USD,Sales,Muddy Waters The Anthology (1947-1972),3705,3705,INV004516,1,24439,1,PO-C9939,Beastie Boys,$,Frank Sinatra,Amount
9.666666667,900,INV004519PO-C99391,Click here to learn more about Tableau for Finance Analytics,USD,Sales,The Beatles Please Please Me,900,900,INV004519,1,24439,1,PO-C9939,Beastie Boys,$,Frank Sinatra,Amount
9.666666667,2929,INV004521PO-C99392,Click here to learn more about Tableau for Finance Analytics,USD,Sales,Love Forever Changes,2929,2929,INV004521,1,24440,2,PO-C9939,Beastie Boys,$,Frank Sinatra,Amount
55.5,3390,INV004529PO-C99398,Click here to learn more about Tableau for Finance Analytics,USD,Sales,Sex Pistols Never Mind the Bollocks Here's the Sex Pistols,339,3390,INV004529,1,24446,8,PO-C9939,Beastie Boys,$,Frank Sinatra,Amount
55.5,3390,INV004529PO-C99391,Click here to learn more about Tableau for Finance Analytics,USD,Sales,The Doors,3390,3390,INV004529,1,24439,1,PO-C9939,Beastie Boys,$,Frank Sinatra,Amount
55.5,3278,INV004530PO-C99391,Click here to learn more about Tableau for Finance Analytics,USD,Sales,Pink Floyd The Dark Side Of The Moon,3278,3278,INV004530,1,24439,1,PO-C9939,Beastie Boys,$,Frank Sinatra,Amount
29.666666667,4031.13,751010324PO-C113031,Click here to learn more about Tableau for Finance Analytics,USD,Sales,Neil Diamond The Neil Diamond Collection,4031.13,4031.13,751010324,1,27203,1,PO-C11303,Talking Heads,$,Frank Sinatra,Amount
5.666666667,5483.87,751010354PO-C116402,Click here to learn more about Tableau for Finance Analytics,USD,Sales,Green Day American Idiot,5483.87,5483.87,751010354,1,27993,2,PO-C11640,Talking Heads,$,Frank Sinatra,Amount
28.666666667,4582.78,5551PO-C105582,Click here to learn more about Tableau for Finance Analytics,USD,Sales,Janis Joplin Pearl,4582.78,4582.78,5551,1,25557,2,PO-C10558,Johnny Cash,$,Jello Biafra,Amount
72.3,3000,5604PO-C108431,Click here to learn more about Tableau for Finance Analytics,USD,Sales,The Wailers Catch a Fire,3000,3000,5604,1,26060,1,PO-C10843,Johnny Cash,$,Jello Biafra,Amount
72.3,845.87,5615PO-C108432,Click here to learn more about Tableau for Finance Analytics,USD,Sales,The Byrds Younger than Yesterday,845.87,845.87,5615,1,26061,2,PO-C10843,Johnny Cash,$,Jello Biafra,Amount
72.3,81,5617PO-C109952,Click here to learn more about Tableau for Finance Analytics,USD,Sales,Iggy and the Stooges Raw Power,81,81,5617,1,26417,2,PO-C10995,Johnny Cash,$,Jello Biafra,Amount
72.3,1026.86,5618PO-C110562,Click here to learn more about Tableau for Finance Analytics,USD,Sales,Talking Heads Remain In Light,1026.86,1026.86,5618,1,26581,2,PO-C11056,Johnny Cash,$,Jello Biafra,Amount
64.666666667,58.8,IN-3772107PO-C107481,Click here to learn more about Tableau for Finance Analytics,USD,Sales,Bob Dylan Blonde on Blonde,58.8,58.8,IN-3772107,1,25888,1,PO-C10748,Alicia Keys,$,Kurt Cobain,Amount
215.708333333,323.4,PC-IN-3631233PO-C83871,Click here to learn more about Tableau for Finance Analytics,USD,Sales,Aretha Franklin Lady Soul,323.4,323.4,PC-IN-3631233,1,20947,1,PO-C8387,Dr. Dre,$,Kurt Cobain,Amount
160.708333333,58.8,PC-IN-3621907PO-C91591,Click here to learn more about Tableau for Finance Analytics,USD,Sales,Aretha Franklin I Never Loved A Man The Way I Loved You,58.8,58.8,PC-IN-3621907,1,22684,1,PO-C9159,Dr. Dre,$,Kurt Cobain,Amount
149.708333333,198.38,PC-IN-3705828PO-C93931,Click here to learn more about Tableau for Finance Analytics,USD,Sales,Bruce Springsteen Born in the U.S.A.,198.38,198.38,PC-IN-3705828,1,23169,1,PO-C9393,Dr. Dre,$,Kurt Cobain,Amount
85,2714.6,PC-IN-3766577PO-C103211,Click here to learn more about Tableau for Finance Analytics,USD,Sales,David Bowie Hunky Dory,2714.6,2714.6,PC-IN-3766577,1,25144,1,PO-C10321,Hole,$,Kurt Cobain,Amount
64.666666667,352.8,SCRL-IN-3784946PO-C107031,Click here to learn more about Tableau for Finance Analytics,USD,Sales,Radiohead The Bends,352.8,352.8,SCRL-IN-3784946,1,25843,1,PO-C10703,Iggy and the Stooges,$,Kurt Cobain,Amount
64.666666667,2879.8,IN-3715236PO-C107541,Click here to learn more about Tableau for Finance Analytics,USD,Sales,The Rolling Stones Aftermath,2879.8,2879.8,IN-3715236,1,25894,1,PO-C10754,Iggy and the Stooges,$,Kurt Cobain,Amount
160.708333333,77.07,PC-IN-3707016PO-C91481,Click here to learn more about Tableau for Finance Analytics,USD,Sales,The Velvet Underground Loaded,77.07,77.07,PC-IN-3707016,1,22673,1,PO-C9148,Iggy and the Stooges,$,Kurt Cobain,Amount
64.666666667,1715,IN-3764518PO-C107341,Click here to learn more about Tableau for Finance Analytics,USD,Sales,Howlin' Wolf Moanin' in the Moonlight,1715,1715,IN-3764518,1,25874,1,PO-C10734,Nas,$,Kurt Cobain,Amount
230.708333333,316.4,IN-3616258PO-C80431,Click here to learn more about Tableau for Finance Analytics,USD,Sales,Arcade Fire Funeral,316.4,316.4,IN-3616258,1,20066,1,PO-C8043,Nas,$,Kurt Cobain,Amount
160.708333333,307.3,PC-IN-3656186PO-C88941,Click here to learn more about Tableau for Finance Analytics,USD,Sales,A Tribe Called Quest The Low End Theory,307.3,307.3,PC-IN-3656186,1,22099,1,PO-C8894,Nas,$,Kurt Cobain,Amount
64.666666667,139.93,IN-3796409PO-C107101,Click here to learn more about Tableau for Finance Analytics,USD,Sales,Beastie Boys Paul's Boutique,139.93,139.93,IN-3796409,1,25850,1,PO-C10710,Neil Young,$,Kurt Cobain,Amount
64.666666667,44.1,IN-3779292PO-C107201,Click here to learn more about Tableau for Finance Analytics,USD,Sales,Kiss Alive!,44.1,44.1,IN-3779292,1,25860,1,PO-C10720,Neil Young,$,Kurt Cobain,Amount
64.666666667,154.35,IN-3809455PO-C107211,Click here to learn more about Tableau for Finance Analytics,USD,Sales,Elton John Captain Fantastic and the Brown Dirt Cowboy,154.35,154.35,IN-3809455,1,25861,1,PO-C10721,Neil Young,$,Kurt Cobain,Amount
64.666666667,237.65,IN-3759806PO-C107591,Click here to learn more about Tableau for Finance Analytics,USD,Sales,Radiohead OK Computer,237.65,237.65,IN-3759806,1,25899,1,PO-C10759,Neil Young,$,Kurt Cobain,Amount
48.666666667,588,NV-IN-3793509PO-C108131,Click here to learn more about Tableau for Finance Analytics,USD,Sales,Otis Redding The Dock of the Bay,588,588,NV-IN-3793509,1,25991,1,PO-C10813,Neil Young,$,Kurt Cobain,Amount
161.708333333,117.6,PC-IN-3647248PO-C88291,Click here to learn more about Tableau for Finance Analytics,USD,Sales,Joy Division Closer,117.6,117.6,PC-IN-3647248,1,22030,1,PO-C8829,Neil Young,$,Kurt Cobain,Amount
64.666666667,58.8,H-IN-3804644PO-C107261,Click here to learn more about Tableau for Finance Analytics,USD,Sales,Elvis Costello & the Attractions Imperial Bedroom,58.8,58.8,H-IN-3804644,1,25866,1,PO-C10726,Nine Inch Nails,$,Kurt Cobain,Amount
64.666666667,58.8,H-IN-3766383PO-C107421,Click here to learn more about Tableau for Finance Analytics,USD,Sales,Marvin Gaye Let's Get It On,58.8,58.8,H-IN-3766383,1,25882,1,PO-C10742,Nine Inch Nails,$,Kurt Cobain,Amount
64.666666667,139.93,IN-3797596PO-C107511,Click here to learn more about Tableau for Finance Analytics,USD,Sales,Linda Ronstadt The Very Best of Linda Ronstadt,139.93,139.93,IN-3797596,1,25891,1,PO-C10751,Nine Inch Nails,$,Kurt Cobain,Amount
64.666666667,1205.4,IN-3550357PO-C107521,Click here to learn more about Tableau for Finance Analytics,USD,Sales,Metallica Master of Puppets,1205.4,1205.4,IN-3550357,1,25892,1,PO-C10752,Nine Inch Nails,$,Kurt Cobain,Amount
85,43.54,PC-IN-3773290PO-C103961,Click here to learn more about Tableau for Finance Analytics,USD,Sales,Cat Stevens Tea for the Tillerman,43.54,43.54,PC-IN-3773290,1,25221,1,PO-C10396,Public Enemy,$,Kurt Cobain,Amount
85,2798.6,PC-IN-3753481PO-C103991,Click here to learn more about Tableau for Finance Analytics,USD,Sales,Santana Abraxas,2798.6,2798.6,PC-IN-3753481,1,25224,1,PO-C10399,Public Enemy,$,Kurt Cobain,Amount
85,1090.6,PC-IN-3775930PO-C104021,Click here to learn more about Tableau for Finance Analytics,USD,Sales,Pearl Jam Ten,1090.6,1090.6,PC-IN-3775930,1,25227,1,PO-C10402,Public Enemy,$,Kurt Cobain,Amount
85,205.8,PC-IN-3690266PO-C104101,Click here to learn more about Tableau for Finance Analytics,USD,Sales,Prince Dirty Mind,205.8,205.8,PC-IN-3690266,1,25239,1,PO-C10410,Public Enemy,$,Kurt Cobain,Amount
64.666666667,279.86,IN-3730212PO-C107121,Click here to learn more about Tableau for Finance Analytics,USD,Sales,Neil Young & Crazy Horse Everybody Knows This is Nowhere,279.86,279.86,IN-3730212,1,25852,1,PO-C10712,Public Enemy,$,Kurt Cobain,Amount
64.666666667,235.2,IN-3707199PO-C107171,Click here to learn more about Tableau for Finance Analytics,USD,Sales,Cream Wheels of Fire,235.2,235.2,IN-3707199,1,25857,1,PO-C10717,Public Enemy,$,Kurt Cobain,Amount
85,205.8,PC-IN-3742101PO-C103711,Click here to learn more about Tableau for Finance Analytics,USD,Sales,Ike & Tina Turner Proud Mary: The Best Of Ike And Tina Turner,205.8,205.8,PC-IN-3742101,1,25194,1,PO-C10371,R.E.M.,$,Kurt Cobain,Amount
64.666666667,380.87,IN-3781083PO-C107361,Click here to learn more about Tableau for Finance Analytics,USD,Sales,The Rolling Stones Tattoo You,380.87,380.87,IN-3781083,1,25876,1,PO-C10736,R.E.M.,$,Kurt Cobain,Amount
64.666666667,370.44,IN-3758456PO-C107081,Click here to learn more about Tableau for Finance Analytics,USD,Sales,My Bloody Valentine Loveless,370.44,370.44,IN-3758456,1,25848,1,PO-C10708,Sonic Youth,$,Kurt Cobain,Amount
86,1587.6,PC-IN-3673288PO-C102731,Click here to learn more about Tableau for Finance Analytics,USD,Sales,Jackie Wilson The Classic Jackie Wilson,1587.6,1587.6,PC-IN-3673288,1,25090,1,PO-C10273,The Flaming Lips,$,Kurt Cobain,Amount
107,470.4,2.0171e+10PO-C93951,Click here to learn more about Tableau for Finance Analytics,USD,Sales,The Beatles Sgt. Pepper's Lonely Hearts Club Band,470.4,470.4,2.0171e+10,1,23171,1,PO-C9395,A Tribe Called Quest,$,Madonna,Amount
23.666666667,612.86,CA9850-1801PO-C91761,Click here to learn more about Tableau for Finance Analytics,USD,Sales,Led Zeppelin Physical Graffiti,612.86,612.86,CA9850-1801,1,22703,1,PO-C9176,Al Green,$,Skrillex,Amount
54.666666667,148.4,SNICA-10471PO-C39009,Click here to learn more about Tableau for Finance Analytics,USD,TechOps,Stevie Wonder Talking Book,148.4,148.4,SNICA-10471,1,14297,9,PO-C3900,Elton John,$,Dolly Parton,Amount
23.666666667,2242.12,40539923PO-C79747,Click here to learn more about Tableau for Finance Analytics,USD,TechOps,The Who The Who Sell Out,2242.12,2242.12,40539923,1,21383,7,PO-C7974,James Brown,$,Dolly Parton,Amount
24.666666667,4255.19,3.40589e+09PO-C53277,Click here to learn more about Tableau for Finance Analytics,USD,TechOps,Fleetwood Mac Fleetwood Mac,4255.19,4255.19,3.40589e+09,1,23879,7,PO-C5327,Patti Smith,$,Dolly Parton,Amount
70.666666667,6750,0188195-INPO-C92242,Click here to learn more about Tableau for Finance Analytics,USD,TechOps,Willie Nelson Red Headed Stranger,6750,6750,0188195-IN,1,25805,2,PO-C9224,Pavement,$,Dolly Parton,Amount
6.666666667,2042.5,51198PO-C104751,Click here to learn more about Tableau for Finance Analytics,USD,TechOps,Nine Inch Nails The Downward Spiral,2042.5,2042.5,51198,1,25400,1,PO-C10475,Pixies,$,Dolly Parton,Amount
55.666666667,4329.44,10047529PO-C61074,Click here to learn more about Tableau for Finance Analytics,USD,TechOps,Patsy Cline The Ultimate Collection,4329.44,4329.44,10047529,1,15740,4,PO-C6107,The Cure,$,Michael Jackson,Amount
1,56425,566396PO-C49736,Click here to learn more about Tableau for Finance Analytics,USD,TechOps,Jay-Z The Blueprint,56425,56425,566396,1,13095,6,PO-C4973,The Smiths,$,Michael Jackson,Amount
22.666666667,4634.36,1887PO-C113311,Click here to learn more about Tableau for Finance Analytics,USD,TechOps,Jefferson Airplane Surrealistic Pillow,4634.36,4634.36,1887,1,27264,1,PO-C11331,Say Anything,$,Neil Diamond,Amount
36.666666667,3937.54,278383PO-C92901,Click here to learn more about Tableau for Finance Analytics,USD,TechOps,N.W.A Straight Outta Compton,3937.54,3937.54,278383,1,22962,1,PO-C9290,Say Anything,$,Neil Diamond,Amount
24.666666667,25725,2144PO-C67004,Click here to learn more about Tableau for Finance Analytics,USD,TechOps,John Coltrane Giant Steps,25725,25725,2144,1,17176,4,PO-C6700,Daft Punk,$,Randy Travis,Amount
33.666666667,39506.14,2049PO-C113521,Click here to learn more about Tableau for Finance Analytics,USD,TechOps,The Who Live at Leeds,39506.14,39506.14,2049,1,27307,1,PO-C11352,Wu-Tang Clan,$,Randy Travis,Amount
24.666666667,4225.17,TAB-123117PO-C94402,Click here to learn more about Tableau for Finance Analytics,USD,TechOps,Otis Redding Otis Blue / Otis Redding Sings Soul,4225.17,4225.17,TAB-123117,1,23261,2,PO-C9440,Adele,$,Taylor Swift,Amount
85.708333333,8400,76886PO-C98251,Click here to learn more about Tableau for Finance Analytics,USD,TechOps,James Taylor Sweet Baby James,8400,8400,76886,1,24133,1,PO-C9825,Bob Marley and the Wailers,$,Taylor Swift,Amount
55.666666667,19575,77265-401-453-1PO-C98251,Click here to learn more about Tableau for Finance Analytics,USD,TechOps,Ray Charles Modern Sounds in Country And Western Music,19575,19575,77265-401-453-1,1,24133,1,PO-C9825,Bob Marley and the Wailers,$,Taylor Swift,Amount
24.666666667,12600,77644-877-1PO-C98251,Click here to learn more about Tableau for Finance Analytics,USD,TechOps,Ramones Rocket to Russia,12600,12600,77644-877-1,1,24133,1,PO-C9825,Bob Marley and the Wailers,$,Taylor Swift,Amount
71.666666667,2000,1100335443PO-C84541,Click here to learn more about Tableau for Finance Analytics,USD,TechOps,The Rolling Stones Out Of Our Heads,2000,2000,1100335443,1,21095,1,PO-C8454,Jay-Z,$,Taylor Swift,Amount
70.666666667,500,1100337057PO-C84541,Click here to learn more about Tableau for Finance Analytics,USD,TechOps,Derek and the Dominos Layla And Other Assorted Love Songs,500,500,1100337057,1,21095,1,PO-C8454,Jay-Z,$,Taylor Swift,Amount
40.666666667,3400,1100350389PO-C84541,Click here to learn more about Tableau for Finance Analytics,USD,TechOps,Kanye West Late Registration,3400,3400,1100350389,1,21095,1,PO-C8454,Jay-Z,$,Taylor Swift,Amount
9.666666667,500,1100361475PO-C84541,Click here to learn more about Tableau for Finance Analytics,USD,TechOps,Sly & the Family Stone Stand!,500,500,1100361475,1,21095,1,PO-C8454,Jay-Z,$,Taylor Swift,Amount
36.666666667,4220,1100352122PO-C93251,Click here to learn more about Tableau for Finance Analytics,USD,TechOps,Etta James At Last!,4220,4220,1100352122,1,23035,1,PO-C9325,Jay-Z,$,Taylor Swift,Amount
36.666666667,1805,1100352126PO-C93251,Click here to learn more about Tableau for Finance Analytics,USD,TechOps,The Byrds Sweetheart of the Rodeo,1805,1805,1100352126,1,23035,1,PO-C9325,Jay-Z,$,Taylor Swift,Amount
54.666666667,28800,LP13775PO-C117151,Click here to learn more about Tableau for Finance Analytics,USD,TechOps,Steely Dan Aja,28800,28800,LP13775,1,28178,1,PO-C11715,Say Anything,$,Taylor Swift,Amount
54.666666667,368,17562PO-C98271,Click here to learn more about Tableau for Finance Analytics,USD,TechOps,Elvis Presley The Sun Sessions,368,368,17562,1,24137,1,PO-C9827,Sly and the Family Stone,$,Taylor Swift,Amount
49.666666667,13400,44080629PO-C108381,Click here to learn more about Tableau for Finance Analytics,USD,TechOps,The Byrds The Notorious Byrd Brothers,13400,13400,44080629,1,26040,1,PO-C10838,Wu-Tang Clan,$,Taylor Swift,Amount
14.666666667,13125,USS016324PO-C71391,Click here to learn more about Tableau for Finance Analytics,USD,TechOps,Bobby Bland Two Steps from the Blues,13125,13125,USS016324,1,18148,1,PO-C7139,Wu-Tang Clan,$,Taylor Swift,Amount
26.666666667,9996.24,4590015|122917USPO-C104412,Click here to learn more about Tableau for Finance Analytics,USD,Workplace,Billy Joel The Stranger,3829.72,9996.24,4590015|122917US,1,25320,2,PO-C10441,Bob Dylan,$,Gwen Stefani,Amount
26.666666667,9996.24,4590015|122917USPO-C104411,Click here to learn more about Tableau for Finance Analytics,USD,Workplace,Curtis Mayfield Super Fly,996.24,9996.24,4590015|122917US,1,25319,1,PO-C10441,Bob Dylan,$,Gwen Stefani,Amount
26.666666667,9996.24,4590015|122917USPO-C104413,Click here to learn more about Tableau for Finance Analytics,USD,Workplace,Paul Simon Graceland,921.04,9996.24,4590015|122917US,1,25321,3,PO-C10441,Bob Dylan,$,Gwen Stefani,Amount
19.666666667,41120.32,4590015-01052018 USPO-C112254,Click here to learn more about Tableau for Finance Analytics,USD,Workplace,Led Zeppelin Led Zeppelin,2197.93,41120.32,4590015-01052018 US,1,27016,4,PO-C11225,Bob Dylan,$,Gwen Stefani,Amount
19.666666667,41120.32,4590015-01052018 USPO-C112251,Click here to learn more about Tableau for Finance Analytics,USD,Workplace,Michael Jackson Off The Wall,41120.32,41120.32,4590015-01052018 US,1,27013,1,PO-C11225,Bob Dylan,$,Gwen Stefani,Amount
19.666666667,41120.32,4590015-01052018 USPO-C112253,Click here to learn more about Tableau for Finance Analytics,USD,Workplace,Radiohead Kid A,804.74,41120.32,4590015-01052018 US,1,27015,3,PO-C11225,Bob Dylan,$,Gwen Stefani,Amount
19.666666667,41120.32,4590015-01052018 USPO-C112252,Click here to learn more about Tableau for Finance Analytics,USD,Workplace,The Rolling Stones Sticky Fingers,1563.96,41120.32,4590015-01052018 US,1,27014,2,PO-C11225,Bob Dylan,$,Gwen Stefani,Amount
19.666666667,41120.32,4590015-01052018 USPO-C112255,Click here to learn more about Tableau for Finance Analytics,USD,Workplace,Van Morrison Moondance,415.74,41120.32,4590015-01052018 US,1,27017,5,PO-C11225,Bob Dylan,$,Gwen Stefani,Amount
12.666666667,45368.87,4590015-011218 USPO-C112254,Click here to learn more about Tableau for Finance Analytics,USD,Workplace,Captain Beefheart & His Magic Band Trout Mask Replica,4731.55,45368.87,4590015-011218 US,1,27016,4,PO-C11225,Bob Dylan,$,Gwen Stefani,Amount
12.666666667,45368.87,4590015-011218 USPO-C112251,Click here to learn more about Tableau for Finance Analytics,USD,Workplace,Creedence Clearwater Revival Chronicle - The 20 Greatest Hits,45368.87,45368.87,4590015-011218 US,1,27013,1,PO-C11225,Bob Dylan,$,Gwen Stefani,Amount
12.666666667,45368.87,4590015-011218 USPO-C112255,Click here to learn more about Tableau for Finance Analytics,USD,Workplace,Stevie Wonder Songs in The Key Of Life,35,45368.87,4590015-011218 US,1,27017,5,PO-C11225,Bob Dylan,$,Gwen Stefani,Amount
12.666666667,45368.87,4590015-011218 USPO-C112252,Click here to learn more about Tableau for Finance Analytics,USD,Workplace,The Jimi Hendrix Experience Electric Ladyland,3448.47,45368.87,4590015-011218 US,1,27014,2,PO-C11225,Bob Dylan,$,Gwen Stefani,Amount
12.666666667,45368.87,4590015-011218 USPO-C112253,Click here to learn more about Tableau for Finance Analytics,USD,Workplace,The Rolling Stones Beggars Banquet,1719.93,45368.87,4590015-011218 US,1,27015,3,PO-C11225,Bob Dylan,$,Gwen Stefani,Amount
5.666666667,34483.45,4590015-011918 USPO-C112251,Click here to learn more about Tableau for Finance Analytics,USD,Workplace,Guns N' Roses Appetite For Destruction,34483.45,34483.45,4590015-011918 US,1,27013,1,PO-C11225,Bob Dylan,$,Gwen Stefani,Amount
5.666666667,34483.45,4590015-011918 USPO-C112253,Click here to learn more about Tableau for Finance Analytics,USD,Workplace,Sly & the Family Stone Greatest Hits,2622.83,34483.45,4590015-011918 US,1,27015,3,PO-C11225,Bob Dylan,$,Gwen Stefani,Amount
5.666666667,34483.45,4590015-011918 USPO-C112254,Click here to learn more about Tableau for Finance Analytics,USD,Workplace,U2 Achtung Baby,2602.52,34483.45,4590015-011918 US,1,27016,4,PO-C11225,Bob Dylan,$,Gwen Stefani,Amount
13.666666667,18452.2,1306PO-C99552,Click here to learn more about Tableau for Finance Analytics,USD,Workplace,Simon & Garfunkel Bookends,18452.2,18452.2,1306,1,24479,2,PO-C9955,The Clash,$,Gwen Stefani,Amount
20.666666667,12305.53,W5915019PO-C114041,Click here to learn more about Tableau for Finance Analytics,USD,Workplace,Eminem The Marshall Mathers LP,12305.53,12305.53,W5915019,1,27457,1,PO-C11404,The Rolling Stones,$,Gwen Stefani,Amount
6.666666667,13900.94,w5933500PO-C114041,Click here to learn more about Tableau for Finance Analytics,USD,Workplace,Jerry Lee Lewis The Jerry Lee Lewis Anthology-All Killer No Filler!,13900.94,13900.94,w5933500,1,27457,1,PO-C11404,The Rolling Stones,$,Gwen Stefani,Amount
20.666666667,12305.53,W5915019PO-C75883,Click here to learn more about Tableau for Finance Analytics,USD,Workplace,Black Sabbath Black Sabbath,1231.73,12305.53,W5915019,1,19027,3,PO-C7588,The Rolling Stones,$,Gwen Stefani,Amount
26.666666667,19996.24,4590015|122917USPO-C104414,Click here to learn more about Tableau for Finance Analytics,USD,Workplace,Bruce Springsteen The River,2401.46,19996.24,4590015|122917US,1,25322,4,PO-C10441,The Velvet Underground,$,Gwen Stefani,Amount
68.666666667,863.5,858427PO-C75573,Click here to learn more about Tableau for Finance Analytics,USD,Workplace,The Jimi Hendrix Experience Are You Experienced,863.5,863.5,858427,1,18934,3,PO-C7557,Amy Winehouse,$,John Denver,Amount
9.666666667,554.73,11277-758952PO-C106452,Click here to learn more about Tableau for Finance Analytics,USD,Workplace,Elton John Goodbye Yellow Brick Road,554.73,554.73,11277-758952,1,25726,2,PO-C10645,Elvis Costello,$,John Denver,Amount
9.666666667,554.73,11277-758952PO-C106502,Click here to learn more about Tableau for Finance Analytics,USD,Workplace,Buddy Holly & the Crickets 20 Golden Greats,554.73,554.73,11277-758952,1,25740,2,PO-C10650,Elvis Costello,$,John Denver,Amount
28.666666667,132,66-82936PO-C113811,Click here to learn more about Tableau for Finance Analytics,USD,Workplace,Bruce Springsteen Nebraska,132,132,66-82936,1,27379,1,PO-C11381,Talking Heads,$,John Denver,Amount
5.666666667,395.84,0672993-INPO-C115461,Click here to learn more about Tableau for Finance Analytics,USD,Workplace,The Rolling Stones Exile on Main St.,395.84,395.84,0672993-IN,1,27791,1,PO-C11546,AC/DC,$,Mick Jagger,Amount
23.666666667,4957.67,0300733-INPO-C115501,Click here to learn more about Tableau for Finance Analytics,USD,Workplace,Marvin Gaye What's Going On,4957.67,4957.67,0300733-IN,1,27798,1,PO-C11550,AC/DC,$,Mick Jagger,Amount
209.708333333,2518.75,6.00026e+09PO-C81121,Click here to learn more about Tableau for Finance Analytics,USD,Workplace,RUN DMC Raising Hell,2518.75,2518.75,6.00026e+09,1,20209,1,PO-C8112,John Lennon,$,Mick Jagger,Amount
23.666666667,5429.92,13519PO-C115881,Click here to learn more about Tableau for Finance Analytics,USD,Workplace,Bo Diddley Go Bo Diddley,5429.92,5429.92,13519,1,27886,1,PO-C11588,Radiohead,$,Mick Jagger,Amount
27.666666667,1950,27825PO-C55361,Click here to learn more about Tableau for Finance Analytics,USD,Workplace,New York Dolls New York Dolls,1950,1950,27825,1,14337,1,PO-C5536,Radiohead,$,Mick Jagger,Amount
7.666666667,348.05,13566PO-C117041,Click here to learn more about Tableau for Finance Analytics,USD,Workplace,Prince 1999,348.05,348.05,13566,1,28151,1,PO-C11704,The Flaming Lips,$,Sid Vicious,Amount
36.666666667,47,21065PO-C114861,Click here to learn more about Tableau for Finance Analytics,GBP,Marketing,"Simon and Garfunkel Parsley, Sage, Rosemary and Thyme",30.96,11958.29,21065,1,27630,1,PO-C11486,PJ Harvey,HRS,Courtney Love,Quantity
8.666666667,49.5,21543PO-C114862,Click here to learn more about Tableau for Finance Analytics,GBP,Marketing,Michael Jackson Bad,30.96,21424.74,21543,1,27631,2,PO-C11486,PJ Harvey,HRS,Courtney Love,Quantity
1.666666667,61,21683PO-C114862,Click here to learn more about Tableau for Finance Analytics,GBP,Marketing,Bob Dylan Modern Times,30.96,21495.95,21683,1,27631,2,PO-C11486,PJ Harvey,HRS,Courtney Love,Quantity
43.666666667,39.5,20920PO-C108372,Click here to learn more about Tableau for Finance Analytics,GBP,Workplace,The Kinks The Kinks are the Village Green Preservation Society,16.67,11948.89,20920,1,26039,2,PO-C10837,The Misfits,HRS,Sid Vicious,Quantity
36.666666667,40,21065PO-C108372,Click here to learn more about Tableau for Finance Analytics,GBP,Workplace,Janet (Jackson) The Velvet Rope,16.67,11958.29,21065,1,26039,2,PO-C10837,The Misfits,HRS,Sid Vicious,Quantity
67.7,44,4243PO-C101772,Click here to learn more about Tableau for Finance Analytics,USD,Development,Public Enemy It Takes a Nation of Millions To Hold Us Back,72.5,31610,4243,1,24899,2,PO-C10177,Beyonce,HRS,Jimi Hendrix,Quantity
67.7,42,4246PO-C101782,Click here to learn more about Tableau for Finance Analytics,USD,Development,The Allman Brothers Band The Allman Brothers Band At Fillmore East,70,35350,4246,1,24902,2,PO-C10178,Beyonce,HRS,Jimi Hendrix,Quantity
44.7,32,4188PO-C86232,Click here to learn more about Tableau for Finance Analytics,USD,Development,Bob Marley & The Wailers Legend - The Best Of Bob Marley And The Wailers,63,32760,4188,1,21548,2,PO-C8623,Beyonce,HRS,Jimi Hendrix,Quantity
14.666666667,32,4218PO-C86232,Click here to learn more about Tableau for Finance Analytics,USD,Development,John Coltrane A Love Supreme,63,32760,4218,1,21548,2,PO-C8623,Beyonce,HRS,Jimi Hendrix,Quantity
110,32,4219PO-C104842,Click here to learn more about Tableau for Finance Analytics,USD,Development,The Replacements Let It Be,88,45056,4219,1,25413,2,PO-C10484,The Kinks,HRS,Kendrick Lamar,Quantity
7.666666667,35,4245PO-C104842,Click here to learn more about Tableau for Finance Analytics,USD,Development,Run-D.M.C Run-D.M.C.,88,45056,4245,1,25413,2,PO-C10484,The Kinks,HRS,Kendrick Lamar,Quantity
1,168,BE-019097PO-C112031,Click here to learn more about Tableau for Finance Analytics,USD,Development,Steely Dan Can't Buy a Thrill,60,31680,BE-019097,1,26970,1,PO-C11203,The Kinks,HRS,Kendrick Lamar,Quantity
10,168,BE-019095PO-C112181,Click here to learn more about Tableau for Finance Analytics,USD,Development,Madonna Like a Prayer,70,36960,BE-019095,1,26997,1,PO-C11218,The Kinks,HRS,Kendrick Lamar,Quantity
15.666666667,40,MX06449317PO-C111931,Click here to learn more about Tableau for Finance Analytics,USD,Development,Eric B. & Rakim Paid in Full,110,8800,MX06449317,1,26951,1,PO-C11193,Otis Redding,HRS,Sammy Davis Junior,Quantity
15.666666667,32,MX06449318PO-C111931,Click here to learn more about Tableau for Finance Analytics,USD,Development,Aerosmith Toys in the Attic,110,8800,MX06449318,1,26951,1,PO-C11193,Otis Redding,HRS,Sammy Davis Junior,Quantity
9.666666667,32,MX06458987PO-C111941,Click here to learn more about Tableau for Finance Analytics,USD,Development,Bonnie Raitt Nick of Time,110,62920,MX06458987,1,26952,1,PO-C11194,Otis Redding,HRS,Sammy Davis Junior,Quantity
2.666666667,40,MX06469021PO-C111941,Click here to learn more about Tableau for Finance Analytics,USD,Development,Queen A Night at the Opera,110,62920,MX06469021,1,26952,1,PO-C11194,Otis Redding,HRS,Sammy Davis Junior,Quantity
18.666666667,32,1044776271PO-C102322,Click here to learn more about Tableau for Finance Analytics,USD,Development,The Mamas and the Papas If You Can Believe Your Eyes And Ears,65,33280,1044776271,1,25022,2,PO-C10232,Marvin Gaye,HRS,Travis Barker,Quantity
171,40,1045015961PO-C102322,Click here to learn more about Tableau for Finance Analytics,USD,Development,Joni Mitchell Court and Spark,65,33280,1045015961,1,25022,2,PO-C10232,Marvin Gaye,HRS,Travis Barker,Quantity
4.666666667,40,1045217201PO-C102322,Click here to learn more about Tableau for Finance Analytics,USD,Development,Cream Disraeli Gears,65,33280,1045217201,1,25022,2,PO-C10232,Marvin Gaye,HRS,Travis Barker,Quantity
28.666666667,3,5540PO-C106121,Click here to learn more about Tableau for Finance Analytics,USD,Sales,Television Marquee Moon,175,700,5540,1,25670,1,PO-C10612,Johnny Cash,HRS,Jello Biafra,Quantity
72.3,80,5605PO-C108891,Click here to learn more about Tableau for Finance Analytics,USD,Sales,Black Sabbath Paranoid,175,14000,5605,1,26220,1,PO-C10889,Johnny Cash,HRS,Jello Biafra,Quantity
72.3,40,5607PO-C109961,Click here to learn more about Tableau for Finance Analytics,USD,Sales,Various Artists Saturday Night Fever (The Original Movie Sound Track),175,7000,5607,1,26418,1,PO-C10996,Johnny Cash,HRS,Jello Biafra,Quantity
72.3,40,5608PO-C110561,Click here to learn more about Tableau for Finance Analytics,USD,Sales,"Bruce Springsteen The Wild, the Innocent & the E Street Shuffle",175,7000,5608,1,26580,1,PO-C11056,Johnny Cash,HRS,Jello Biafra,Quantity
72.3,14,5610PO-C111841,Click here to learn more about Tableau for Finance Analytics,USD,Sales,Pavement Slanted and Enchanted,175,4200,5610,1,26936,1,PO-C11184,Johnny Cash,HRS,Jello Biafra,Quantity
72.3,4,5612PO-C111891,Click here to learn more about Tableau for Finance Analytics,USD,Sales,Elton John Greatest Hits,175,700,5612,1,26944,1,PO-C11189,Johnny Cash,HRS,Jello Biafra,Quantity
72.3,36,5609PO-C112591,Click here to learn more about Tableau for Finance Analytics,USD,Sales,The Notorious B.I.G Ready to Die,175,6300,5609,1,27103,1,PO-C11259,Johnny Cash,HRS,Jello Biafra,Quantity
13.666666667,16,19345PO-C109791,Click here to learn more about Tableau for Finance Analytics,USD,Workplace,Willie Nelson Stardust,31.86,2293.92,19345,1,26390,1,PO-C10979,Tom Waits,HRS,Darrell Palumbo,Quantity
11.666666667,10,1406594185PO-C115141,Click here to learn more about Tableau for Finance Analytics,EUR,TechOps,Led Zeppelin Led Zeppelin II,1207.5,16815.55,1406594185,1,27730,1,PO-C11514,Adele,QTY,Randy Travis,Quantity
1.666666667,144,144619PO-C106961,Click here to learn more about Tableau for Finance Analytics,USD,Operations,The Meters Rejuvenation,12,1560,144619,1,25829,1,PO-C10696,The Get Up Kids,QTY,Rev Run,Quantity
2.75,3,LLX7653PO-C116711,Click here to learn more about Tableau for Finance Analytics,USD,TechOps,Nirvana Nevermind,223.99,1154.51,LLX7653,1,28059,1,PO-C11671,Arcade Fire,QTY,Frank Zappa,Quantity
1.75,2,LMC3627PO-C116711,Click here to learn more about Tableau for Finance Analytics,USD,TechOps,Bruce Springsteen Born To Run,223.99,1131.79,LMC3627,1,28059,1,PO-C11671,Arcade Fire,QTY,Frank Zappa,Quantity
6.018865741,1,19LF-D319-1HDKPO-C116311,Click here to learn more about Tableau for Finance Analytics,USD,TechOps,Santana Santana,99,109,19LF-D319-1HDK,1,27977,1,PO-C11631,Metallica,QTY,Frank Zappa,Quantity
12.75,40,LKB7692PO-C115541,Click here to learn more about Tableau for Finance Analytics,USD,TechOps,Hank Williams  40 Greatest Hits,10.28,2919.92,LKB7692,1,27811,1,PO-C11554,Eminem,QTY,Neil Diamond,Quantity
12.75,40,LKB7692PO-C115542,Click here to learn more about Tableau for Finance Analytics,USD,TechOps,"Prince Sign ""O"" The Times",66.62,2919.92,LKB7692,1,27812,2,PO-C11554,Eminem,QTY,Neil Diamond,Quantity
2.75,1,LLT1337PO-C116703,Click here to learn more about Tableau for Finance Analytics,USD,TechOps,Bob Dylan The Freewheelin' Bob Dylan,93.23,1239.5,LLT1337,1,28058,3,PO-C11670,Eminem,QTY,Neil Diamond,Quantity
2.75,1,LLT1337PO-C116702,Click here to learn more about Tableau for Finance Analytics,USD,TechOps,Elvis Costello This Year's Model,158.52,1239.5,LLT1337,1,28057,2,PO-C11670,Eminem,QTY,Neil Diamond,Quantity
2.75,1,LLT1337PO-C116701,Click here to learn more about Tableau for Finance Analytics,USD,TechOps,The Who Tommy,1102.32,1239.5,LLT1337,1,28056,1,PO-C11670,Eminem,QTY,Neil Diamond,Quantity
2.666666667,2,605-490854PO-C114391,Click here to learn more about Tableau for Finance Analytics,USD,TechOps,Moby Grape Moby Grape,4255.1,9371.73,605-490854,1,27537,1,PO-C11439,John Lennon,QTY,Neil Diamond,Quantity
3.75,24,1.02192e+10PO-C115513,Click here to learn more about Tableau for Finance Analytics,USD,TechOps,Bob Marley & the Wailers Natty Dread,149.99,21305.98,1.02192e+10,1,27804,3,PO-C11551,Outkast,QTY,Neil Diamond,Quantity
3.75,12,1.02192e+10PO-C115511,Click here to learn more about Tableau for Finance Analytics,USD,TechOps,"The Rolling Stones The Rolling Stones, Now!",1455,21305.98,1.02192e+10,1,27802,1,PO-C11551,Outkast,QTY,Neil Diamond,Quantity
7.75,40,1.02183e+10PO-C115533,Click here to learn more about Tableau for Finance Analytics,USD,TechOps,ABBA The Definitive Collection,13.85,6932.14,1.02183e+10,1,27809,3,PO-C11553,Outkast,QTY,Neil Diamond,Quantity
7.75,20,1.02183e+10PO-C115532,Click here to learn more about Tableau for Finance Analytics,USD,TechOps,Aerosmith Rocks,19.49,6932.14,1.02183e+10,1,27808,2,PO-C11553,Outkast,QTY,Neil Diamond,Quantity
7.75,40,1.02183e+10PO-C115531,Click here to learn more about Tableau for Finance Analytics,USD,TechOps,Curtis Mayfield & the Impressions The Anthology 1961-1977,149.99,6932.14,1.02183e+10,1,27807,1,PO-C11553,Outkast,QTY,Neil Diamond,Quantity
7.75,20,1.02183e+10PO-C115534,Click here to learn more about Tableau for Finance Analytics,USD,TechOps,Funkadelic One Nation under a Groove,218,6932.14,1.02183e+10,1,27810,4,PO-C11553,Outkast,QTY,Neil Diamond,Quantity
29.75,3,1.02143e+10PO-C98342,Click here to learn more about Tableau for Finance Analytics,USD,TechOps,Bob Dylan Desire,87,515.04,1.02143e+10,1,24153,2,PO-C9834,Outkast,QTY,Neil Diamond,Quantity
29.75,5,1.02143e+10PO-C98344,Click here to learn more about Tableau for Finance Analytics,USD,TechOps,Carpenters Close to You,87,515.04,1.02143e+10,1,24155,4,PO-C9834,Outkast,QTY,Neil Diamond,Quantity
29.75,3,1.02143e+10PO-C98341,Click here to learn more about Tableau for Finance Analytics,USD,TechOps,Rod Stewart Every Picture Tells A Story,87,515.04,1.02143e+10,1,24152,1,PO-C9834,Outkast,QTY,Neil Diamond,Quantity
29.75,5,1.02143e+10PO-C98343,Click here to learn more about Tableau for Finance Analytics,USD,TechOps,Todd Rundgren Something / Anything?,87,515.04,1.02143e+10,1,24154,3,PO-C9834,Outkast,QTY,Neil Diamond,Quantity
19.666666667,1,513390PO-C1116017,Click here to learn more about Tableau for Finance Analytics,USD,TechOps,The Clash,97.58,97.58,513390,1,26859,17,PO-C11160,Adele,QTY,Randy Travis,Quantity
4.977685185,1,1PFK-V976-CQR3PO-C116543,Click here to learn more about Tableau for Finance Analytics,USD,TechOps,Miles Davis Kind of Blue,65,71.57,1PFK-V976-CQR3,1,28026,3,PO-C11654,Sleater-Kinney,QTY,Snoop Dogg,Quantity
1.666666667,1,19RX-731F-W1YWPO-C116911,Click here to learn more about Tableau for Finance Analytics,USD,TechOps,The Beatles Abbey Road,30.8,33.91,19RX-731F-W1YW,1,28113,1,PO-C11691,Sleater-Kinney,QTY,Snoop Dogg,Quantity
4.666666667,1,1T7Y-K9PN-FPXJPO-C116921,Click here to learn more about Tableau for Finance Analytics,USD,TechOps,The Velvet Underground & Nico,89.1,95.56,1T7Y-K9PN-FPXJ,1,28114,1,PO-C11692,Sleater-Kinney,QTY,Snoop Dogg,Quantity
16.75,4,LHZ3900PO-C114703,Click here to learn more about Tableau for Finance Analytics,USD,TechOps,Ornette Coleman The Shape of Jazz to Come,80.5,817.89,LHZ3900,1,27608,3,PO-C11470,The Rolling Stones,QTY,Snoop Dogg,Quantity
16.75,10,LHZ3900PO-C114702,Click here to learn more about Tableau for Finance Analytics,USD,TechOps,The Grateful Dead Live/Dead,66.7,817.89,LHZ3900,1,27607,2,PO-C11470,The Rolling Stones,QTY,Snoop Dogg,Quantity
16.75,10,LHZ3900PO-C114701,Click here to learn more about Tableau for Finance Analytics,USD,TechOps,The Mothers of Invention Freak Out!,51.46,817.89,LHZ3900,1,27606,1,PO-C11470,The Rolling Stones,QTY,Snoop Dogg,Quantity
1,15,LMK8960PO-C117111,Click here to learn more about Tableau for Finance Analytics,USD,TechOps,David Bowie Low,12.11,712.62,LMK8960,1,28172,1,PO-C11711,The Rolling Stones,QTY,Snoop Dogg,Quantity
1,10,LMK8960PO-C117112,Click here to learn more about Tableau for Finance Analytics,USD,TechOps,Jay-Z Reasonable Doubt,63.02,712.62,LMK8960,1,28173,2,PO-C11711,The Rolling Stones,QTY,Snoop Dogg,Quantity
1,1,B07676231PO-C115711,Click here to learn more about Tableau for Finance Analytics,USD,TechOps,The Smiths The Queen is Dead,1085.34,1194.96,B07676231,1,27855,1,PO-C11571,Guns N’ Roses,QTY,Taylor Swift,Quantity
20.747476852,1,1DHN-DK1F-DF3VPO-C113022,Click here to learn more about Tableau for Finance Analytics,USD,Workplace,Madonna The Immaculate Collection,32.29,32.29,1DHN-DK1F-DF3V,1,27199,2,PO-C11302,Pink Floyd,QTY,Garth Brooks,Quantity
13.666666667,2,11CT-KCDT-DJW9PO-C115371,Click here to learn more about Tableau for Finance Analytics,USD,Workplace,Little Walter The Best of Little Walter,169.99,396.36,11CT-KCDT-DJW9,1,27772,1,PO-C11537,Pink Floyd,QTY,Garth Brooks,Quantity
13.666666667,1,11CT-KCDT-DJW9PO-C115374,Click here to learn more about Tableau for Finance Analytics,USD,Workplace,Lou Reed Transformer,242.99,396.36,11CT-KCDT-DJW9,1,27775,4,PO-C11537,Pink Floyd,QTY,Garth Brooks,Quantity
12.666666667,2,1DPW-PWHX-J7LCPO-C115372,Click here to learn more about Tableau for Finance Analytics,USD,Workplace,Sly & the Family Stone Fresh,165.36,393.9,1DPW-PWHX-J7LC,1,27773,2,PO-C11537,Pink Floyd,QTY,Garth Brooks,Quantity
12.666666667,2,1DPW-PWHX-J7LCPO-C115373,Click here to learn more about Tableau for Finance Analytics,USD,Workplace,The Stooges The Stooges,158.99,393.9,1DPW-PWHX-J7LC,1,27774,3,PO-C11537,Pink Floyd,QTY,Garth Brooks,Quantity
3.666666667,1,1T7Y-K9PN-K4C3PO-C116122,Click here to learn more about Tableau for Finance Analytics,USD,Workplace,Buffalo Springfield Buffalo Springfield Again,36.68,40.38,1T7Y-K9PN-K4C3,1,27941,2,PO-C11612,Pink Floyd,QTY,Garth Brooks,Quantity
13.333333333,7,1P9P-3WV4-P6NQPO-C116421,Click here to learn more about Tableau for Finance Analytics,USD,Workplace,Peter Gabriel So,33,435.96,1P9P-3WV4-P6NQ,1,27998,1,PO-C11642,Pink Floyd,QTY,Garth Brooks,Quantity
1,2,1WQC-PKX4-6Y3DPO-C116434,Click here to learn more about Tableau for Finance Analytics,USD,Workplace,Elvis Presley From Elvis in Memphis,122,495.49,1WQC-PKX4-6Y3D,1,28002,4,PO-C11643,Pink Floyd,QTY,Garth Brooks,Quantity
1,2,1WQC-PKX4-6Y3DPO-C116432,Click here to learn more about Tableau for Finance Analytics,USD,Workplace,Green Day Dookie,169.99,495.49,1WQC-PKX4-6Y3D,1,28000,2,PO-C11643,Pink Floyd,QTY,Garth Brooks,Quantity
1,2,1WQC-PKX4-6Y3DPO-C116435,Click here to learn more about Tableau for Finance Analytics,USD,Workplace,Quicksilver Messenger Service Happy Trails,167.95,495.49,1WQC-PKX4-6Y3D,1,28003,5,PO-C11643,Pink Floyd,QTY,Garth Brooks,Quantity
1,2,1WQC-PKX4-6Y3DPO-C116431,Click here to learn more about Tableau for Finance Analytics,USD,Workplace,The Flying Burrito Bros The Gilded Palace of Sin,165.97,495.49,1WQC-PKX4-6Y3D,1,27999,1,PO-C11643,Pink Floyd,QTY,Garth Brooks,Quantity
1,2,1WQC-PKX4-6Y3DPO-C116433,Click here to learn more about Tableau for Finance Analytics,USD,Workplace,The Stooges Fun House,158.99,495.49,1WQC-PKX4-6Y3D,1,28001,3,PO-C11643,Pink Floyd,QTY,Garth Brooks,Quantity
5.666666667,2,19RX-731F-C9LTPO-C116571,Click here to learn more about Tableau for Finance Analytics,USD,Workplace,AC/DC Highway to Hell,71.99,176.9,19RX-731F-C9LT,1,28033,1,PO-C11657,Pink Floyd,QTY,Garth Brooks,Quantity
1.666666667,5,19LF-D319-VPNVPO-C116991,Click here to learn more about Tableau for Finance Analytics,USD,Workplace,The Strokes Is This It,39.99,219.95,19LF-D319-VPNV,1,28133,1,PO-C11699,Pink Floyd,QTY,Garth Brooks,Quantity
